skewness,curtosis,entropy,y
7.259,0.070827,-7.3004,1
3.3998,-4.4327,-4.2655,1
-9.2828,7.719,-1.7168,1
-3.6792,3.8281,1.6297,0
6.8369,0.69718,-0.55691,0
6.6258,0.48382,-2.2134,0
-7.108,5.6454,0.31335,1
-12.5667,15.1606,-0.75216,1
8.3516,-2.5425,-1.2823,0
-6.839,8.4207,-0.44829,0
-5.7154,3.8298,1.0233,1
-0.30626,1.3347,1.3763,1
-2.806,2.0116,0.67412,0
-1.7672,-0.34474,-0.12372,1
2.2369,2.7236,0.79438,0
6.841,-0.029423,0.44912,0
-4.0599,3.6259,-0.32544,0
5.7919,0.065686,-1.5759,0
7.3273,0.46583,-1.4543,0
2.7521,-0.72261,-2.353,1
-3.0729,3.0423,1.2741,0
0.6394,5.989,-0.58277,0
3.9544,-4.772,-4.4853,1
-3.4619,1.7048,1.1008,1
-0.38903,1.62,1.9103,1
9.5228,-4.0112,-3.5944,0
6.9176,-1.2744,-1.5759,0
7.6274,1.2061,-3.6241,0
-4.7738,8.527,-1.8668,0
3.8923,-4.8277,-4.0069,1
-5.8126,10.8867,-0.52846,1
2.4955,0.79571,-1.1039,1
2.2638,-3.1046,-0.11855,1
-8.1819,12.1291,-1.6017,1
-4.778,6.2109,0.3974,1
2.4955,0.48554,0.36119,0
-10.0712,8.4156,-1.9948,1
-1.4092,1.1582,0.36507,1
6.065,-2.4534,-0.68234,0
-4.4862,3.6558,-0.61251,0
8.3847,-2.0995,-1.9677,0
6.8783,0.44784,-2.2224,0
2.0879,-3.3522,-0.66553,1
1.4816,-0.48355,0.95343,0
5.8561,1.8762,-0.32544,0
0.89392,-1.6283,-0.56854,1
-6.9756,5.5383,-0.12889,1
3.257,-1.3721,1.1668,0
10.3009,-4.8003,-4.3534,0
10.2243,-1.097,-4.0159,0
1.6533,-2.1964,-0.78061,1
3.8944,-4.7275,-4.3948,1
0.23589,-1.8785,1.3258,1
-4.5938,5.9068,0.57196,0
1.5685,-0.084261,-1.7453,1
4.8504,-5.2133,-6.1043,1
8.7903,-2.2324,-0.65259,0
3.7433,-0.40215,-1.2953,1
-3.3584,1.3749,1.3569,1
-0.4449,0.23448,0.27843,0
7.886,-1.6643,-1.8384,0
7.7391,-0.37816,-2.5405,0
-12.0205,11.9149,-2.7552,1
2.8763,0.1548,-1.2086,1
9.1938,-0.9094,-1.872,0
-0.67253,2.7056,0.85774,1
2.4976,1.0313,0.96894,0
9.5332,-3.0789,-2.7746,0
9.5663,-3.7867,-7.5034,0
2.9653,0.20021,-0.056479,0
0.18002,1.7956,0.97282,1
0.12415,-1.0465,-0.86208,1
-6.6072,5.8022,0.31593,1
10.423,-4.1602,-4.9728,0
1.7237,-2.1501,-0.77027,1
-4.4159,5.983,-0.13924,1
6.1975,1.099,-1.131,0
10.0526,-3.8869,-3.7366,0
1.552,7.0806,1.031,0
2.8908,0.59693,0.79825,0
6.3485,-0.73546,-0.58665,0
9.887,-4.6795,-3.7483,0
1.9327,-3.2888,-0.32415,1
0.7098,0.7572,-0.4444,0
9.0862,-1.2281,-1.4996,0
0.25244,0.7623,1.7758,1
3.0687,0.68604,0.80731,0
-7.6563,11.8318,-0.84268,1
-3.3729,2.5976,0.55257,0
2.4542,2.5188,-0.17027,0
-4.4552,4.5718,-0.9888,0
-0.099335,2.8127,0.48662,1
-9.28E-06,4.816,-0.33967,0
-8.6289,10.4403,0.97153,1
2.957,-3.5947,-3.1457,1
-1.0471,8.0514,0.49567,0
-6.301,5.6506,0.19567,1
12.9516,3.3285,-5.9426,0
-2.1521,2.6302,1.1047,0
-0.097265,0.61663,0.061192,1
-5.8023,11.244,-0.3901,1
6.7955,-0.1708,0.4905,0
10.0215,-4.2699,-4.9159,0
3.4598,-3.4405,-3.4276,1
10.1539,-3.8561,-4.2228,0
-12.7095,12.7957,-2.825,1
3.1287,4.2933,0.64696,0
7.8695,0.26876,-3.7883,0
11.2962,-4.0943,-4.3457,0
-10.5244,9.9176,-0.5026,1
-4.7076,7.9186,-1.5487,0
2.6901,0.16165,-1.0224,1
0.5587,-0.38587,-0.66423,1
1.2436,4.2171,0.90429,0
2.1996,-2.5862,-1.2759,1
10.2926,-1.2821,-4.0392,0
-1.9162,-0.15538,-0.11984,1
1.9017,-3.3111,0.065071,1
5.2808,-2.2598,0.075416,0
5.9781,1.3912,-1.1621,0
4.5731,2.057,-0.18967,0
6.0464,-0.11168,-0.58665,0
-0.17383,-0.11339,1.2198,1
5.1939,-1.7971,-1.1763,0
-0.033118,-0.20165,0.55774,1
6.1292,0.84027,0.55257,0
9.4111,1.7305,-4.8629,0
0.42212,2.6225,-0.064238,1
7.6046,-0.47755,-1.8461,0
-6.959,8.8054,1.5289,1
-8.7903,7.9735,-0.45475,1
-9.0366,9.0162,-0.12243,1
11.1472,1.9353,-3.4638,0
-0.091058,-0.31818,0.50214,1
3.8654,-0.3336,-1.2797,1
6.1251,0.52924,0.47886,0
9.2931,-0.7843,-2.1978,0
-3.7971,4.6429,-0.2957,0
-6.8121,7.1398,1.3323,1
-5.7133,5.953,0.45946,1
3.9834,-1.5572,1.0103,0
11.112,-4.2039,-5.0931,0
-3.7413,5.5777,-0.63578,0
10.0857,-4.2931,-3.8142,0
6.7934,0.68604,-7.5887,1
4.78,-5.1362,-3.2362,1
1.0657,8.8294,0.94955,0
-4.449,3.5427,0.15429,0
2.9073,1.0579,0.40774,0
2.5762,1.3098,0.5655,0
-6.841,8.9494,0.68058,1
-13.0551,16.9583,-2.3052,1
3.0294,2.9164,-0.068117,0
6.5079,2.0133,-0.87242,0
5.9781,1.1941,-0.3526,0
1.1815,-0.55552,-0.81165,1
2.1086,0.1368,1.6543,0
1.7299,-3.1963,-0.1457,1
1.5892,7.0078,0.42455,0
-10.3257,8.784,-2.1138,1
-0.22763,1.488,1.2069,1
-6.4748,8.0514,-0.41855,0
2.9984,-1.1664,-1.6185,1
3.1329,-3.0112,-2.9388,1
-0.16555,0.45383,0.51248,0
7.6046,-2.3429,-0.85302,0
12.1177,0.28846,-7.7581,0
-4.8359,6.6479,-0.060358,1
3.4288,-4.0309,-1.4259,1
6.901,-2.0062,-2.7125,0
7.586,-0.28562,-1.6677,0
1.0595,-2.3437,0.39998,1
3.0977,-2.9607,-2.6892,1
2.7645,-0.62578,-2.8573,1
7.6294,1.5754,-3.2233,0
3.6874,-1.9385,-3.8918,1
3.6957,-4.1594,-1.9379,1
1.734,1.6011,0.96765,0
1.7713,0.68946,-0.4638,1
9.3987,0.85998,-5.3336,0
-6.8638,8.132,-0.2401,0
10.1105,-1.6917,-4.3922,0
6.0423,0.26019,-2.053,0
0.27727,0.20792,0.33662,0
2.8701,0.51124,0.5099,0
-6.301,4.7843,1.106,1
0.96427,4.0243,-1.0483,0
5.6946,0.094818,-0.026738,0
10.1457,-4.084,-3.6991,0
7.7763,-2.7473,-1.9353,0
7.7598,-2.4491,-1.2216,0
7.9274,-0.056842,-2.1694,0
6.6486,-0.049987,-6.5206,1
-6.1603,5.606,0.48533,1
2.1065,-0.28305,1.5625,0
10.694,1.7022,-2.9026,0
-5.7381,4.3919,0.3211,1
-0.3104,0.18307,0.44653,1
3.8944,-4.8166,-4.3418,1
-8.213,10.083,0.96765,1
3.5716,0.82742,-1.4957,1
-0.68287,0.096532,1.1965,1
9.2931,0.16594,-4.5396,1
2.8452,-3.6436,-3.1004,1
-6.0237,5.2419,0.29524,1
-0.30005,1.4238,0.024986,1
-2.1252,-0.10397,-0.19225,1
-0.14279,-0.031994,0.35084,1
-0.23798,0.56008,0.05602,1
7.6336,-1.9427,-0.37458,0
-12.8792,13.0597,-3.3125,1
-4.8773,6.4774,0.34179,1
0.73252,-0.67891,0.03533,1
-0.3911,0.93452,0.42972,1
-7.5756,11.8678,-0.57889,1
-1.7775,8.3316,0.35214,0
0.070346,6.8681,-0.50648,0
6.9942,-1.8511,-0.12889,0
8.6806,0.0091344,-3.703,1
5.1401,-0.65063,-5.4306,1
8.3682,-1.4004,-1.6509,0
8.3909,2.1624,-3.7405,0
0.80287,1.6371,1.1875,0
3.286,2.8753,0.087054,0
2.7852,-2.1835,-1.9276,1
-3.2902,3.1674,1.0866,0
7.6625,0.15394,-3.1108,0
-7.9233,6.7156,0.74394,1
-0.52147,-0.40386,1.2017,1
-0.99533,5.3404,-0.15475,0
10.3754,-1.5435,-4.1633,0
-6.6072,4.8254,-0.41984,1
1.9679,-0.42357,-2.1125,1
-4.4697,8.2219,-1.8073,0
0.70768,2.29,1.8663,0
8.7986,-2.1672,-0.74182,0
-5.6574,6.103,0.65214,1
3.6274,3.308,0.48921,0
-4.9518,6.3729,-0.41596,0
2.9094,-1.7859,-2.2069,1
4.2503,-4.9023,-2.6621,1
-12.8047,15.6824,-1.281,1
2.7956,-1.2341,-1.5668,1
3.2074,-0.15966,-0.26208,0
5.6574,0.72974,-1.4892,0
12.1984,0.67661,-8.5482,0
-5.0966,6.6779,0.17498,1
4.0392,-0.3019,-2.1836,1
-1.4402,1.1273,0.16076,1
-0.49457,1.333,1.6543,1
-8.6475,7.6796,-0.66682,1
8.0433,0.044265,-4.4983,1
1.0326,5.6566,-0.41337,0
3.3357,-1.3455,-1.9573,1
8.96,-2.9024,-1.0379,0
5.7526,-0.18537,-0.30087,0
9.6718,-3.9606,-3.1625,0
8.2957,-2.5605,-1.4905,0
-1.4237,2.9241,0.66119,1
3.1681,1.9619,0.18662,0
2.9301,-3.5467,-2.6737,1
6.8369,-0.2702,0.71291,0
3.9606,-1.983,0.40774,0
-6.4334,8.15,-0.89828,0
-3.2633,3.0895,-0.9849,0
-4.9704,3.5025,-0.23751,0
0.25865,-0.84085,0.96118,1
1.254,0.27218,-1.0728,1
-12.8006,15.6199,-0.95647,1
6.9879,0.67833,-7.5887,1
2.1376,-0.47584,-1.3974,1
0.68906,0.77344,1.2095,0
4.0744,-4.7635,-2.6129,1
-4.4552,4.5718,-0.9888,0
8.2316,-3.2511,-1.5694,0
0.13036,-0.031137,-0.35389,1
3.0915,-2.3969,-2.6711,1
3.4019,-3.4859,-3.5569,1
6.6424,-1.1425,-1.0573,0
9.109,-0.62064,-1.7129,0
0.039307,0.05369,-0.23105,1
-13.4979,17.6772,-3.3202,1
10.5471,-1.4175,-4.0327,0
6.9176,-0.79372,0.48403,0
6.8162,-1.2804,0.76076,0
0.66837,-2.0267,1.0271,1
-4.1427,5.2333,-0.40173,0
7.1225,-0.083404,-6.4172,1
4.0951,-4.8037,-2.1112,1
4.8731,-5.2861,-5.8741,1
3.2322,-3.282,-3.1004,1
-7.3046,6.839,-0.59053,1
-1.3678,1.997,0.52283,1
1.2271,0.18564,-1.091,1
-1.7051,1.5026,0.32757,1
-5.974,10.0916,-0.82846,1
7.4163,-1.8245,0.14007,0
3.4329,-1.2144,-2.3789,1
1.6285,-0.88541,-1.4802,1
-7.4494,6.8964,-0.64484,1
3.913,-4.5544,-3.8672,1
-9.8808,8.1088,-1.0806,1
-2.1562,1.7082,0.9017,1
2.5162,0.83341,-0.30993,1
-3.3378,2.5865,-0.54785,0
8.7261,-2.9915,-0.57242,0
-0.69529,0.87711,0.29653,1
-6.6383,5.7491,-0.10691,1
8.9848,-0.9351,-2.4332,0
4.5565,-4.9888,-2.8987,1
11.1513,-3.9272,-4.3444,0
8.8793,-1.9136,-0.53751,0
8.9331,-2.0807,-1.1272,0
12.606,2.9464,-5.7888,0
2.0755,-0.2702,1.2379,0
-3.7723,1.6131,1.5754,1
-12.4736,14.9704,-1.3884,1
3.8013,-4.9143,-3.7483,1
2.9673,-1.3267,1.4551,0
10.2036,2.1787,-5.6038,0
-0.98912,2.3586,0.39481,1
-0.99326,5.2119,-0.29312,0
-7.257,7.9597,0.9211,1
-6.3175,7.9632,0.20602,0
3.764,-4.4738,-4.0483,1
-2.8846,2.2558,-0.15734,0
10.216,-3.4414,-4.0069,0
10.6878,-3.4071,-4.109,0
6.7769,-0.61979,0.38576,0
-10.5099,9.0239,-1.9547,1
8.7696,0.23191,-3.937,1
2.0838,-0.46813,-1.6767,1
-3.3584,3.4202,1.0905,0
0.091039,6.2204,-1.4828,0
3.4288,0.56265,-1.1672,1
5.5395,2.033,-0.40432,0
-4.0765,2.7587,0.31981,0
0.90427,1.1693,1.6892,0
1.2954,7.701,0.62627,0
-5.1856,3.6935,-1.1427,0
0.39315,-0.32846,-0.13794,1
1.0926,-0.35502,-0.59958,1
5.6802,-1.9693,0.026279,0
10.1622,-3.8235,-4.0172,0
10.7044,-3.3085,-4.0767,0
-0.64562,-0.42014,0.89136,1
-5.5871,8.6564,-1.722,0
-2.2535,1.518,0.61981,1
-3.4143,2.7742,-0.2026,0
8.0102,0.4247,-3.2207,1
1.1319,0.72202,0.96118,0
-13.6593,17.6052,-2.4927,1
2.7397,-2.5323,-2.234,1
10.9258,-3.8929,-4.1802,0
9.1048,-0.38758,-5.9763,1
0.97462,4.2265,0.81377,0
3.5674,-4.3882,-3.8116,1
3.1929,-2.1055,0.29653,0
-1.0553,3.8949,0.77757,1
10.4726,-3.0087,-3.2013,0
0.65181,-0.48869,-0.52716,1
3.644,-4.0746,-1.9909,1
0.44696,4.5907,-0.24398,0
5.4132,-1.8219,0.23576,0
9.5083,-3.1783,-3.0086,0
9.7939,-4.1508,-4.4582,0
-2.4583,2.2806,1.0323,0
11.6894,2.5454,-3.2763,0
4.2855,-4.8457,-2.9013,1
2.4273,0.6809,-1.0871,1
2.4914,-2.9401,-0.62156,1
8.4551,-1.672,-2.0815,0
8.5709,-3.0326,-0.59182,0
-1.1505,-0.95138,0.57843,1
2.7935,0.32274,-0.86078,1
7.3915,0.029699,-7.3987,1
9.1814,-4.6067,-4.3263,0
2.0279,-2.3652,-1.2746,1
2.1438,-0.47241,-1.6677,1
6.69,-1.2042,-0.38751,0
-0.40145,1.4855,1.1189,1
-8.4985,9.1122,1.2379,1
7.3108,-0.81857,-1.8784,0
0.8546,7.1303,0.027572,0
6.063,0.54723,0.51248,0
1.0636,-0.71232,-0.8388,1
-12.9309,13.1779,-2.5677,1
2.868,-1.8108,-2.2612,1
-3.9172,3.9746,0.36119,0
8.0081,-0.23592,-1.7608,0
-5.1153,8.6127,-1.4297,0
3.5985,1.9387,-0.43406,0
4.8587,-0.76888,-4.8668,1
6.1416,0.37929,0.56938,0
1.3492,-1.4501,-0.55949,1
8.1261,0.13081,-5.0142,1
-12.9371,15.6559,-1.6806,1
1.2395,1.997,2.1547,0
-0.062088,0.68604,-0.055186,1
6.5989,-0.3336,-0.56466,0
-1.8768,2.4023,1.1319,1
7.2673,-0.409,-2.2431,0
0.40971,1.4015,1.1952,0
11.4535,2.1092,-3.9629,0
-9.349,9.7942,-0.28018,1
2.4769,-2.9512,-0.66165,1
-2.8018,3.7115,0.99739,1
1.7485,-1.4801,-1.4181,1
8.7241,2.2215,-4.5965,0
-1.1816,1.3818,0.7336,1
2.5017,1.5215,0.903,0
3.5178,0.7623,0.81119,0
2.4769,1.9379,-0.040962,0
-0.31247,1.2815,0.41291,1
0.48213,4.7449,1.225,0
-3.584,3.6884,0.74912,0
-6.3879,5.5255,0.79955,1
9.2,0.25933,-4.6832,1
8.393,-1.361,-1.4659,0
-0.32696,2.1324,0.6017,1
8.3061,0.022844,-3.2724,0
-0.24418,1.4041,-0.45863,1
3.9213,0.70574,0.33662,0
0.81322,1.6277,0.77627,0
-3.884,3.3577,-0.0060486,0
3.0605,-1.8356,-2.834,1
4.8773,-4.9194,-5.8198,1
6.9321,-1.0456,0.23447,0
-0.16762,1.321,-0.20906,1
-6.3113,5.355,0.80472,1
10.8803,1.931,-4.3237,0
0.86909,-2.3138,0.82412,1
3.5364,0.57551,0.41938,0
0.22968,0.7126,-0.3332,1
9.0096,-3.761,-3.3371,0
-4.9932,10.4052,-0.53104,1
-3.2633,3.0895,-0.9849,0
5.8747,-2.8167,-0.30087,0
-8.5089,12.363,-0.95518,1
3.2219,-3.4302,-2.8457,1
2.3259,4.9085,0.54998,0
0.71596,1.9507,1.9375,0
9.7546,-3.1749,-2.9957,0
8.722,-3.0224,-0.59699,0
-5.6967,5.9179,0.37671,1
9.1214,-0.41929,-5.9181,1
1.3781,1.1582,0.85774,0
7.9295,0.61663,-3.2646,1
6.0319,1.6825,-0.46122,0
1.5995,-0.00029081,1.6401,0
3.2964,0.2362,-0.11984,0
8.7489,-1.2641,-1.3858,0
0.084831,-0.2462,0.45688,1
8.7779,-2.2135,-0.80647,0
2.0175,7.7618,0.93532,0
-3.2674,2.5839,0.21766,0
-13.6779,17.5795,-2.6181,1
-6.4789,5.7568,0.87325,1
8.1881,-3.1338,-2.5276,0
10.1477,-3.9366,-4.0728,0
1.3864,5.2727,-0.43536,0
1.7775,0.73745,-0.45346,1
7.3708,-0.31218,-6.7754,1
6.1664,-2.5905,-0.36553,0
5.4049,-2.5228,-0.89958,0
2.9735,0.92852,0.60558,0
0.23175,2.0133,2.0564,0
-7.2404,11.4419,-0.57113,1
0.30417,0.6569,-0.2957,1
-3.7971,3.4391,-0.12501,0
-0.94981,-1.0731,0.3211,1
3.1122,0.80857,0.4336,0
3.7061,0.70403,0.35214,0
3.8095,-4.9408,-4.0909,1
-6.4624,8.3573,-1.5216,0
-4.4552,4.5718,-0.9888,0
-0.0248,1.2421,-0.5621,0
0.74493,0.83256,0.753,0
12.1611,2.8204,-3.7418,0
7.1783,-1.5195,0.40128,0
-5.1877,10.4266,-0.86725,1
1.852,-3.0121,0.003003,1
12.6247,0.73573,-7.6612,0
7.4018,0.071684,-2.5302,0
-5.5602,4.0483,0.903,1
6.0692,0.57208,-5.4668,1
9.4007,-3.3034,-1.0509,0
9.1566,-2.1492,-4.1814,0
2.6735,-0.84085,-2.0323,1
9.2186,-3.2863,-4.8448,0
-12.5854,15.4417,-1.4983,1
-3.6275,2.8684,0.27714,0
3.6026,-1.4166,-2.8948,1
-1.7837,2.135,1.2418,1
-4.7904,3.3954,-0.53751,0
1.8541,-0.023425,1.2314,0
6.9859,-1.9967,-0.35001,0
0.22347,-0.47327,0.97024,1
8.1654,-0.023425,-2.2586,0
-0.031048,0.32616,1.1151,0
1.1484,2.1401,2.0862,0
7.6439,0.9885,-0.87371,0
-4.1634,3.5008,-0.078462,0
0.99945,-0.28562,-0.70044,1
7.2363,0.10938,-7.5642,1
2.2493,1.3458,-0.037083,0
-6.7686,6.6753,0.89912,1
9.798,-3.0361,-2.8224,0
10.1374,-1.331,-5.4707,0
0.49248,1.093,1.8276,0
7.8612,-0.87598,-3.5569,0
2.6963,-3.1226,-1.3121,1
3.9647,3.3979,0.84351,0
3.9544,-4.7412,-2.5017,1
5.6264,-2.1235,0.19309,0
-1.6906,2.518,0.51636,1
3.1205,1.075,-1.2966,1
0.43661,4.5864,-0.3151,0
0.70975,0.75716,-0.44441,0
6.0795,-0.5778,-2.2302,0
2.7956,-2.378,-2.3491,1
1.5664,7.5382,0.78403,0
-0.35799,0.44698,0.99868,0
7.05,-0.58808,0.41809,0
5.2187,-2.5425,0.5461,0
10.7727,-1.3884,-4.3276,0
-0.64976,7.6659,0.72326,0
5.616,2.2138,-0.12501,0
-8.273,10.2646,1.1629,1
11.17,-1.3824,-4.0728,0
3.3088,-2.2829,-2.1978,1
3.2777,-0.9351,-3.1457,1
1.4671,-0.72689,-1.1724,1
4.5462,2.2935,0.22541,0
10.8409,2.7827,-4.0974,0
-0.0248,1.2421,-0.5621,0
-12.7509,16.7166,-3.2168,1
9.1752,-0.27448,-6.0422,1
0.57732,1.3424,1.2133,0
0.23175,0.89082,1.1823,0
6.9383,0.57722,0.66377,0
2.3072,-2.5237,-1.4453,1
-0.78427,3.0141,0.76205,1
0.10139,0.55323,-0.2957,1
6.1437,1.7828,-0.72113,0
-2.628,3.1529,-0.08622,0
2.8473,4.3439,0.6017,0
-2.9674,2.3689,0.75429,0
-10.4602,8.9717,-2.3427,1
10.3671,-4.413,-4.0211,0
-0.53181,2.3877,0.77627,1
4.0309,-4.6435,-3.9125,1
8.3661,0.50781,-3.8155,0
0.33521,2.2566,2.1625,0
-0.033118,4.7355,-0.2776,0
4.2358,2.1341,0.3211,0
-0.60424,2.6045,1.3776,1
-6.4624,8.4773,0.31981,1
1.8189,-2.2169,-0.56725,1
6.0299,-2.0156,-0.065531,0
-6.572,4.7689,-0.94354,1
0.16967,-1.0054,-0.82975,1
0.31245,0.45041,0.068951,1
-4.5566,6.4534,-0.056479,1
-2.5163,2.8093,-0.79742,0
0.18416,0.90539,1.5806,1
2.5349,-3.0464,-1.2629,1
-4.4552,4.5718,-0.9888,0
3.3129,-0.88369,-2.8974,1
1.0512,-0.46298,-1.0974,1
-6.8824,7.5416,0.70774,1
5.8209,1.1959,-0.64613,0
3.3108,-4.5081,-4.012,1
-6.7128,4.9857,0.32886,1
-1.0243,-0.94024,0.64955,1
7.6398,-2.4243,-1.2384,0
1.8127,6.9144,0.70127,0
2.6528,-2.7756,-0.65647,1
0.80494,-1.6411,-0.19225,1
7.2756,-2.4766,-1.2099,0
7.8384,-3.5348,-1.2151,0
7.8902,-2.6196,-0.48708,0
-0.38696,-0.47841,0.62627,1
0.70148,-0.51182,0.0055892,1
6.5679,0.67661,-6.6797,1
-0.99326,1.0947,0.88619,1
8.0764,-3.0515,-1.7155,0
-2.7004,2.4957,0.36636,0
9.887,-4.0788,-4.3664,0
0.36625,2.1992,0.48403,0
1.7071,-0.051701,1.4926,0
3.2301,-1.3575,-2.5819,1
3.8964,-1.4304,0.86291,0
9.1297,-3.725,-5.8224,0
6.8514,-1.5443,-0.5582,0
-2.5845,2.2309,0.30947,0
-5.5167,10.939,-0.4082,1
3.9958,-0.35845,-3.9047,1
10.1684,-4.1131,-4.6056,0
7.795,-2.6848,-0.92544,0
-0.14693,0.044265,-0.15605,1
2.8597,0.19678,0.57196,0
3.3336,-1.4244,0.60429,0
-0.63321,7.3848,0.36507,0
8.1881,-3.1338,-2.5276,0
6.8121,1.8128,-0.61251,0
-1.8624,4.026,0.55127,1
10.8265,2.3603,-3.4198,0
11.5093,0.15565,-6.8194,0
1.9348,-2.3729,-1.0897,1
2.2327,-0.26334,1.5534,0
1.5478,0.041694,1.9284,0
-4.4076,5.9856,0.078002,0
-6.5389,10.5234,-0.48967,1
9.647,-3.2074,-2.5948,0
-3.7082,5.2804,0.41291,0
-1.1174,1.5454,-0.26079,0
9.2207,-3.7044,-6.8103,0
3.6668,-0.6969,-1.2474,1
2.7811,0.66119,0.34179,0
9.7484,0.15394,-1.6134,0
3.5012,-3.9795,-1.7841,1
3.8385,-0.79544,-1.2138,1
9.171,-3.6461,-1.2047,0
-4.5152,2.1195,1.4448,1
-0.020702,-0.066267,-0.44699,1
11.9604,3.0835,-5.4435,0
3.5447,-1.3721,-2.8483,1
-9.2497,8.9922,-0.50001,1
5.527,1.7785,-0.47156,0
2.599,2.0938,0.20085,0
-6.81,8.4636,-0.60216,0
10.5326,-4.5852,-4.206,0
-0.24832,-0.45613,0.41938,1
10.6651,-3.5288,-4.7672,0
-1.4733,2.8718,0.44653,1
0.46972,1.6671,0.91593,0
-8.1157,7.0858,-1.2112,1
0.40143,1.4563,0.65343,0
6.6755,-0.24278,-6.5775,1
9.2621,-3.521,-1.872,0
9.3718,-4.0351,-3.9564,0
7.9853,-2.5477,-1.872,0
2.2121,-3.1183,-0.11725,1
-10.8679,9.4926,-1.4116,1
12.3784,0.70403,-7.5836,0
0.79459,0.95851,1.0077,0
-0.10554,1.2798,1.0414,1
1.8479,3.1375,0.42843,0
7.1742,0.78457,-0.75734,0
3.3708,-4.4987,-3.6965,1
8.693,1.3989,-3.9668,0
-5.0325,6.6608,-0.57889,0
7.6067,-0.9788,-2.4668,0
10.2678,-2.953,-5.8638,0
-3.3895,3.4896,1.4771,0
-5.7899,6.0122,0.046968,1
1.9368,-2.4697,-0.80518,1
2.6218,1.8513,0.40257,0
-4.2006,4.1914,0.16981,0
4.1158,3.1143,-0.37199,0
2.7749,0.68261,-0.71984,1
7.6956,-2.7696,-1.0767,0
3.4826,-3.6307,-1.3961,1
-0.17797,4.9068,0.15429,0
-2.2038,-0.0954,0.56421,1
10.3216,-3.7121,-6.1185,0
6.7086,-0.81857,0.47886,0
3.6771,-4.0771,-2.0711,1
12.5026,0.69118,-7.5487,0
10.843,2.5462,-2.9362,0
-6.6362,10.5405,-0.89182,1
3.0646,0.37158,0.58619,0
-2.6383,1.9242,0.10645,0
-4.8794,8.3428,-2.1086,0
6.332,-1.7791,-0.020273,0
7.1307,-1.3035,0.21248,0
10.0008,-3.2049,-3.1095,0
3.6067,-4.0557,-1.5966,1
10.8161,-3.3,-4.2888,0
1.4733,-1.4192,-0.58535,1
5.496,-2.4774,-0.50648,0
3.3812,-3.6684,-3.456,1
-0.57113,7.1903,-0.67587,0
1.9741,-3.3668,-0.65259,1
4.7283,-0.49126,-5.2159,1
1.8644,2.6491,0.47369,0
8.7096,-0.21621,-3.6345,1
3.4226,-3.9692,-1.7116,1
-4.4862,2.2009,0.50731,1
-12.4922,14.8881,-0.47027,1
-5.1277,4.5624,1.4797,1
-5.1463,10.3332,-1.1181,1
-6.8141,6.7019,1.1681,1
-3.137,1.9259,-0.37458,0
8.2026,-2.6256,-1.0341,0
4.1323,-4.7018,-2.5987,1
-6.661,5.8245,0.5461,1
6.4417,-0.80743,-0.69139,0
0.0082678,6.6042,-0.53104,0
0.57318,-1.9402,0.44007,1
10.9072,-4.5775,-4.4271,0
1.4423,1.0219,1.4008,0
-4.8794,3.3662,-0.029324,0
-0.14279,0.97565,0.045675,1
0.3766,-1.2898,-0.82458,1
-6.8452,8.9999,2.1353,1
0.13863,-0.19651,0.0081754,1
1.7982,-2.9581,0.2099,1
11.3603,-0.37644,-7.0495,0
0.60836,2.7039,-0.23751,1
0.17174,-1.7859,0.36119,1
-5.1422,4.2916,-1.2487,0
4.302,0.55923,0.33791,0
1.076,0.64577,0.89394,0
0.54214,-0.52725,0.6586,1
2.808,-3.1432,-1.2035,1
1.6327,0.83598,-0.091393,1
10.5388,-4.1174,-4.2797,0
0.66216,4.1494,-0.28406,0
3.5219,-0.38415,-3.8608,1
-2.09,1.584,0.71162,1
-0.56078,7.7215,0.453,0
5.825,-0.51439,-1.4944,0
3.2798,-1.2701,1.1189,0
10.067,-1.1982,-4.1284,0
8.5482,0.4187,-2.1784,0
7.2011,-1.2153,0.3211,0
-9.3263,9.3727,-0.85949,1
2.3383,-2.9812,-1.0431,1
-7.4473,6.492,0.36119,1
2.9094,2.9044,0.11033,0
-1.0885,1.0039,0.48791,1
0.039307,6.2332,-0.30346,0
-1.6058,1.3647,0.16464,1
1.1857,-2.6411,0.11033,1
-4.0951,4.367,1.0698,0
-4.3062,6.0241,0.18274,0
-2.9363,2.1992,0.50084,0
-7.3625,6.9255,-0.66811,1
3.5136,0.61406,-0.40691,0
-5.4981,8.3368,-2.8715,0
-6.841,10.7402,-1.0172,1
8.6496,-0.96252,-1.8112,0
7.6584,0.5558,-2.9155,1
-5.8395,4.5641,0.68705,1
10.3878,-1.4029,-3.9151,0
-0.23591,0.020273,0.76334,1
7.5404,0.65005,-0.92544,0
6.2699,0.15822,-5.5457,1
7.8653,-2.3515,-0.71984,0
7.946,1.0742,-3.3409,0
-4.7428,6.3489,0.11162,1
4.0723,-0.23678,-2.1151,1
4.5193,-0.58123,-4.2629,1
6.87,-1.0568,-0.73147,0
7.7846,-0.28219,-2.6608,0
3.3377,-4.0557,-1.6741,1
12.5398,2.9438,-3.5258,0
8.8172,-1.5323,-1.7957,0
10.2491,-4.0926,-4.4659,0
8.0329,1.8848,-3.8853,0
5.0097,-5.0394,-6.3862,1
-0.82358,0.78543,0.74524,1
-9.3304,9.233,-0.79871,1
7.1907,1.2798,-2.4565,0
7.4266,1.2353,-2.9595,0
-9.3676,9.3333,-0.10303,1
3.2674,0.90967,0.25128,0
1.9596,-3.0584,-0.12243,1
-2.1252,1.7151,0.45171,1
-6.5865,4.8486,-0.021566,1
2.4728,4.4578,0.21636,0
-9.1069,8.9991,-0.28406,1
10.0132,-4.3239,-4.3276,0
3.3295,0.83598,0.64955,0
10.4643,-4.3839,-4.3379,0
9.9946,-3.8081,-3.3642,0
10.2678,-2.953,-5.8638,0
0.78425,1.1033,1.7008,0
-3.7971,4.6429,-0.2957,0
8.6889,-2.9033,-0.7819,0
3.3584,-1.7302,-3.5646,1
-6.572,10.5251,-0.16381,1
6.8866,1.0588,-0.67587,0
6.4665,-0.75688,0.228,0
8.1674,-2.4586,-1.4621,0
-1.5789,8.03,-0.028031,0
11.0334,3.1863,-4.8888,0
-2.0113,-0.19565,0.066365,1
-2.5928,2.3183,0.303,0
-0.0248,1.2421,-0.5621,0
5.3905,-2.4037,-0.061652,0
-9.6035,7.7764,-0.97716,1
3.0439,-3.4816,-2.7836,1
3.1039,-1.1536,1.5651,0
-0.34765,4.1905,-0.99138,0
5.2022,-5.2159,-6.1211,1
2.33,4.9334,0.82929,0
11.2217,1.9079,-3.4405,0
2.6963,4.2908,0.54739,0
2.2948,2.1135,0.35084,0
-0.053811,5.6703,-1.3509,0
0.7201,1.6928,0.64438,0
-8.4385,8.8483,0.96894,1
9.4669,-4.9417,-3.9202,0
1.3078,1.291,1.6556,0
6.1458,1.0176,-2.0401,0
9.7794,-3.9075,-3.5323,0
11.8818,2.0458,-5.2728,0
-6.719,9.0162,0.099985,1
-3.7723,2.883,0.019813,0
2.9508,1.0271,0.5461,0
9.2683,-3.5913,-1.356,0
0.46351,1.4281,2.0202,0
10.2429,-1.4912,-4.0082,0
-2.4087,4.5735,0.47627,1
5.6222,0.27561,-1.1556,0
-4.4552,4.5718,-0.9888,0
-0.85669,2.7185,0.044382,1
-3.8696,4.044,0.95343,0
-10.1498,9.6152,-1.2332,1
9.4607,-4.9288,-5.2366,0
-1.5706,2.4357,0.49826,1
7.7763,-0.23849,-2.9634,0
7.4908,0.015989,-1.7414,0
-1.254,2.9986,0.36378,1
9.0489,-0.52725,-2.0789,0
-0.49871,0.62863,1.1189,0
2.4748,-2.9452,-1.0276,1
0.039307,-0.24192,0.31593,1
-7.0314,7.4936,0.61334,1
-0.05588,1.949,1.353,1
-6.3486,5.6154,0.42584,1
8.5234,3.1392,-0.91639,0
-7.3191,7.8981,1.2289,1
8.2068,-2.7824,-1.4336,0
9.4359,-0.094543,-1.859,0
-0.15314,2.53,2.4495,0
3.0025,-3.6067,-3.4457,1
1.4381,-0.82114,-1.2862,1
0.9022,-2.3506,0.42714,1
1.8458,-1.3575,-1.3806,1
8.0992,-0.24877,-3.2698,0
9.4318,-0.66263,-1.6728,0
-5.6636,10.969,-0.33449,1
3.2881,-2.2701,-2.2224,1
-12.1736,14.3689,-0.61639,1
8.811,-3.1886,-0.92285,0
-2.7956,2.0707,0.67412,0
7.1328,-0.31475,-1.1828,0
6.7334,1.0708,-0.9332,0
6.7562,0.0099913,0.39481,0
3.5612,-4.407,-4.4103,1
2.2948,3.2403,0.18404,0
0.65388,-1.1793,0.39998,1
2.8659,-1.6488,-2.4319,1
6.2265,0.12224,-1.4466,0
1.1029,-2.3,0.59395,1
3.8468,-0.63435,-1.175,1
0.80908,8.1628,0.60817,0
3.0729,-3.3857,-2.9155,1
-0.024841,1.2421,-0.56208,0
-6.2534,5.3524,0.59912,1
-12.2377,11.9552,-2.1603,1
8.2895,-1.9213,-3.3332,0
-3.1081,2.4537,0.52024,0
5.1815,1.0673,-0.42113,0
1.1112,1.7425,1.3388,0
-3.226,3.8058,1.1836,1
-4.8835,3.4356,-0.5776,0
-6.63,10.4849,-0.42113,1
8.2274,-2.4166,-1.5875,0
-0.44284,0.38015,1.3763,0
-9.9532,8.4756,-1.8733,1
2.6218,0.62863,-1.1595,1
2.4066,-2.8416,-0.59958,1
-0.045533,-0.18794,0.23447,1
-9.1566,9.5766,-0.73018,1
-1.6037,8.4756,0.75558,0
6.3961,0.092248,0.58102,0
-0.52974,0.50439,1.106,0
9.7008,-3.7541,-3.4379,0
-5.4484,5.8039,0.88231,1
0.94358,4.5512,1.234,0
-13.0365,15.6773,-0.66165,1
-2.4211,2.6413,1.6168,0
4.8028,2.0878,0.62627,0
-5.8395,7.7687,-0.85302,0
-6.332,6.0987,0.14266,1
0.35591,2.6473,-0.37846,1
4.1986,-0.5898,-3.9642,1
-0.77392,3.3602,0.00171,1
5.8126,-2.2306,-0.66553,0
6.3672,-0.036278,0.049554,0
-6.1789,11.388,-1.0741,1
5.2684,-2.8904,-0.52716,0
-6.9321,8.2888,-1.2991,0
10.3567,-3.7301,-3.6991,0
3.7557,-1.7345,1.0789,0
7.5032,-0.13396,-7.5034,1
7.528,-0.41929,-2.6478,0
9.1214,1.7425,-5.1241,0
6.6155,-0.79287,-0.90863,0
1.9161,-3.1098,-0.20518,1
-1.3678,7.0858,-0.40303,0
3.0129,0.72888,0.56421,0
-3.0087,2.6773,1.212,0
0.12415,-0.28733,0.14654,1
-2.1914,2.4648,1.1409,0
-6.1665,8.0831,-0.34355,0
2.6756,0.80685,0.71679,0
-0.010356,-0.99337,-0.53104,1
4.0289,-0.35845,-3.8957,1
-4.5752,5.947,0.21507,0
1.1588,3.9249,0.12585,0
-13.0634,17.1116,-2.8017,1
7.2797,-2.2692,-1.144,0
0.99945,-2.2126,0.097399,1
1.0015,-2.2726,-0.0060486,1
9.0821,-3.3111,-0.96811,0
2.8183,-2.426,-1.8862,1
10.6568,-4.1388,-5.0646,0
6.6651,0.52581,-7.0107,1
3.2136,4.3465,0.78662,0
-4.8069,3.3491,-0.49225,0
4.3682,2.1384,0.75429,0
9.6325,-3.1123,-2.7164,0
-9.0407,8.862,-0.86983,1
-8.2916,10.3032,0.38059,1
3.3419,0.77258,-0.99785,1
-3.2633,3.0895,-0.9849,0
6.8576,-1.0671,0.075416,0
6.5906,0.55837,-0.44182,0
8.035,-0.19651,-2.1888,0
4.4303,-1.3335,-1.7517,0
0.82356,4.6369,1.4202,0
5.7588,-0.75345,-0.61251,0
-6.6258,8.6521,1.8198,1
-0.50491,2.6328,0.53705,1
-10.4519,9.1139,-1.7323,1
2.4811,-2.8673,-0.89828,1
-7.9026,6.7807,0.34179,1
0.81529,2.1041,1.0245,0
10.8513,-3.1466,-3.9784,0
-6.2285,10.2389,-1.1543,1
-6.7583,5.8408,0.62369,1
7.2321,-1.0713,-2.5909,0
5.3449,2.045,-0.19355,0
0.83391,5.4552,-0.56984,0
-0.65804,2.6842,1.1952,1
-3.0957,2.8093,0.24481,0
7.886,-1.6643,-1.8384,0
10.1374,-1.331,-5.4707,0
3.3005,1.063,-1.444,1
-5.823,5.8699,1.212,1
-6.8804,8.1517,-0.081048,0
0.7098,0.7572,-0.4444,0
11.1079,-4.0857,-4.2539,0
3.166,-1.0002,-2.7151,1
2.9611,-1.2864,-1.4647,1
0.31038,0.77344,1.4189,1
-6.7562,5.0585,-0.55044,1
-6.7748,8.3873,-0.54139,0
-7.2508,6.0139,0.36895,1
10.2678,-2.953,-5.8638,0
10.4023,-4.1722,-4.7582,0
-6.5907,5.6429,0.54998,1
3.7909,-0.6532,-4.1802,1
-0.070365,2.0416,1.1319,0
8.7944,-3.6359,-1.3754,0
-5.9037,10.9818,-0.82199,1
7.1018,0.3493,-0.41337,0
-9.5828,9.4044,0.081882,1
-3.3771,4.1211,1.5043,1
7.7557,-0.16823,-3.0771,0
-0.43663,1.692,-0.43018,1
-13.0303,17.0834,-3.0345,1
2.2907,0.95766,0.83058,0
4.84,-5.2613,-6.0823,1
7.257,-1.9153,-0.86078,0
0.91254,1.5806,0.39352,0
1.9037,-0.035421,-2.5095,1
5.8312,-2.4097,-0.24527,0
-4.4552,3.1769,0.0042961,0
9.2952,-0.43642,-6.3694,1
-7.1059,6.6188,-0.33708,1
0.47799,-1.9804,0.57714,1
9.1814,-1.6326,-1.7375,0
-4.809,8.2142,-2.0659,0
2.3445,0.52667,-0.40173,1
-4.4117,3.8238,-0.81682,0
9.7753,-3.9795,-3.4638,0
4.987,-5.1508,-6.3913,1
-4.4614,3.8024,-0.15087,0
9.3593,-3.3565,-3.3526,0
8.5234,1.4461,-3.9306,0
0.7098,0.7572,-0.4444,0
5.8333,0.54723,-4.9379,1
2.5762,2.0107,-0.18967,0
2.03,2.1761,-0.083634,0
2.3134,-0.44499,-1.4905,1
7.2052,-3.2846,-1.1608,0
-5.1711,6.5991,0.57455,0
-8.304,12.555,-1.5099,1
8.633,-2.9941,-1.3082,0
10.1788,-4.2185,-4.4245,0
1.7734,6.7756,-0.39915,0
10.1891,-4.2759,-4.978,0
1.3926,1.7125,0.41421,0
8.6661,-2.8073,-0.44699,0
7.6377,-2.7876,-1.0341,0
-0.89808,8.0883,0.69222,0
-3.2633,3.0895,-0.9849,0
0.79459,-1.6968,-0.46768,1
4.2068,-4.5398,-2.3931,1
-4.4676,3.7304,-0.1095,0
3.257,-3.6778,-3.2944,1
-6.3444,4.6575,0.16981,1
-3.9482,4.2625,1.1577,0
9.2848,0.014275,-6.7844,1
3.1929,-3.4054,-3.1832,1
0.22761,0.96108,0.97282,0
-0.84841,2.5377,0.097399,1
0.66216,2.1041,1.8922,0
-3.4495,3.643,1.0879,0
3.2239,-0.69347,-3.4004,1
10.8306,-3.3437,-4.122,0
0.32694,0.17965,1.1797,0
-12.9889,13.0545,-2.7202,1
-5.3036,3.8803,-0.70432,0
0.21313,0.20278,1.2095,0
3.4619,-0.47841,-3.8879,1
0.13863,0.12138,1.1435,0
8.6165,-3.2794,-1.2009,0
-3.6978,3.9943,1.3051,0
-12.7406,15.5573,-0.14182,1
-4.3496,1.9901,0.7517,1
1.4112,1.8076,0.89782,0
-0.02691,2.9618,-0.44958,1
-6.541,4.8151,-0.033204,1
8.8172,-0.061983,-3.725,1
6.6258,-0.19908,-6.8607,1
9.5311,0.022844,-6.8517,1
-4.449,2.1067,0.94308,1
-2.4852,1.608,0.7155,0
-0.097265,-0.21793,1.0426,1
-0.14693,0.80342,0.29136,0
5.5788,-2.4089,-0.056479,0
-6.7893,5.2761,-0.32544,1
3.3605,-4.5064,-4.0431,1
-2.0403,2.5574,-0.061652,0
9.9884,1.1804,-5.2263,0
-8.3827,12.393,-1.2823,1
0.9291,0.78543,0.6767,0
8.0081,-3.7258,-1.3069,0
-6.8824,5.4681,0.057313,1
5.5643,1.6765,-0.16769,0
10.8306,2.769,-3.0901,0
-7.7267,11.9655,-1.4543,1
-4.6145,3.9823,-0.23751,0
7.0811,-1.3258,0.22283,0
7.4556,-1.3284,-3.3021,0
9.5414,-4.2536,-4.003,0
4.5503,-4.976,-2.7254,1
3.8426,-4.9314,-4.1323,1
-4.391,4.7466,1.137,0
6.8741,0.91995,-0.6694,0
3.5488,1.3964,-0.36424,0
-0.7077,2.5325,0.71808,1
0.51524,1.0279,1.106,0
9.0386,-3.2417,-1.2991,0
0.60422,-0.38587,-0.059065,1
10.7271,2.0938,-5.6504,0
10.9796,-3.557,-4.4039,0
-7.1121,11.3897,-0.083634,1
1.7734,-2.2469,-0.68104,1
-3.2633,3.0895,-0.98492,0
1.2767,-0.64206,-1.2642,1
11.2196,-3.6136,-4.0819,0
-8.6848,9.155,0.94049,1
-9.1359,9.3444,-0.65259,1
-2.0776,2.8093,0.60688,1
9.5663,-3.7867,-7.5034,0
-3.3315,5.1305,0.8267,0
7.6398,-2.0824,-1.1698,0
-13.4586,17.5932,-2.7771,1
7.886,-1.6643,-1.8384,0
-0.15521,6.4911,-0.75346,0
7.2094,-3.2794,-1.4944,0
-0.8091,5.1022,-0.67975,0
8.5565,-3.3917,-1.5474,0
3.6357,-4.4044,-4.1414,1
2.9942,0.85141,0.30688,0
11.3045,-3.3394,-4.4194,0
-5.3118,10.3846,-1.0612,1
9.498,2.4408,-5.2689,0
